"","subject","sex","age","statement","person","score","evil","Hitler","Sadam","Binladen","Nasrala","Arafat"
"1","subject2","M","23","Q1","unknown",3,FALSE,1,1,1,1,1
"2","subject2","M","23","Q2","arafat",5,TRUE,1,1,1,1,1
"3","subject2","M","23","Q3","hitler",1,TRUE,1,1,1,1,1
"4","subject2","M","23","Q4","unknown",2,FALSE,1,1,1,1,1
"5","subject2","M","23","Q5","sadam",1,TRUE,1,1,1,1,1
"6","subject2","M","23","Q6","binladen",1,TRUE,1,1,1,1,1
"7","subject2","M","23","Q7","nasrala",1,TRUE,1,1,1,1,1
"8","subject2","M","23","Q8","unknown",1,FALSE,1,1,1,1,1
"9","subject2","M","23","Q9","sadam",1,TRUE,1,1,1,1,1
"10","subject2","M","23","Q10","hitler",4,TRUE,1,1,1,1,1
"11","subject2","M","23","Q11","unknown",3,FALSE,1,1,1,1,1
"12","subject2","M","23","Q12","arafat",1,TRUE,1,1,1,1,1
"13","subject2","M","23","Q13","unknown",3,FALSE,1,1,1,1,1
"14","subject2","M","23","Q14","binladen",1,TRUE,1,1,1,1,1
"15","subject2","M","23","Q15","unknown",1,FALSE,1,1,1,1,1
"16","subject2","M","23","Q16","sadam",3,TRUE,1,1,1,1,1
"17","subject2","M","23","Q17","unknown",1,FALSE,1,1,1,1,1
"18","subject2","M","23","Q18","unknown",1,FALSE,1,1,1,1,1
"19","subject2","M","23","Q19","arafat",1,TRUE,1,1,1,1,1
"20","subject2","M","23","Q20","nasrala",1,TRUE,1,1,1,1,1
"21","subject2","M","23","Q21","unknown",1,FALSE,1,1,1,1,1
"22","subject2","M","23","Q22","binladen",1,TRUE,1,1,1,1,1
"23","subject2","M","23","Q23","unknown",1,FALSE,1,1,1,1,1
"24","subject2","M","23","Q24","unknown",2,FALSE,1,1,1,1,1
"25","subject2","M","23","Q25","nasrala",3,TRUE,1,1,1,1,1
"26","subject2","M","23","Q26","unknown",1,FALSE,1,1,1,1,1
"27","subject2","M","23","Q27","hitler",1,TRUE,1,1,1,1,1
"28","subject2","M","23","Q28","unknown",1,FALSE,1,1,1,1,1
"29","subject2","M","23","Q29","unknown",1,FALSE,1,1,1,1,1
"30","subject2","M","23","Q30","unknown",3,FALSE,1,1,1,1,1
"31","subject3","F","24","Q1","unknown",1,FALSE,1,1,1,1,1
"32","subject3","F","24","Q2","arafat",2,TRUE,1,1,1,1,1
"33","subject3","F","24","Q3","hitler",1,TRUE,1,1,1,1,1
"34","subject3","F","24","Q4","unknown",4,FALSE,1,1,1,1,1
"35","subject3","F","24","Q5","sadam",5,TRUE,1,1,1,1,1
"36","subject3","F","24","Q6","binladen",1,TRUE,1,1,1,1,1
"37","subject3","F","24","Q7","nasrala",5,TRUE,1,1,1,1,1
"38","subject3","F","24","Q8","unknown",5,FALSE,1,1,1,1,1
"39","subject3","F","24","Q9","sadam",1,TRUE,1,1,1,1,1
"40","subject3","F","24","Q10","hitler",1,TRUE,1,1,1,1,1
"41","subject3","F","24","Q11","unknown",1,FALSE,1,1,1,1,1
"42","subject3","F","24","Q12","arafat",1,TRUE,1,1,1,1,1
"43","subject3","F","24","Q13","unknown",4,FALSE,1,1,1,1,1
"44","subject3","F","24","Q14","binladen",1,TRUE,1,1,1,1,1
"45","subject3","F","24","Q15","unknown",3,FALSE,1,1,1,1,1
"46","subject3","F","24","Q16","sadam",4,TRUE,1,1,1,1,1
"47","subject3","F","24","Q17","unknown",4,FALSE,1,1,1,1,1
"48","subject3","F","24","Q18","unknown",3,FALSE,1,1,1,1,1
"49","subject3","F","24","Q19","arafat",3,TRUE,1,1,1,1,1
"50","subject3","F","24","Q20","nasrala",1,TRUE,1,1,1,1,1
"51","subject3","F","24","Q21","unknown",1,FALSE,1,1,1,1,1
"52","subject3","F","24","Q22","binladen",4,TRUE,1,1,1,1,1
"53","subject3","F","24","Q23","unknown",4,FALSE,1,1,1,1,1
"54","subject3","F","24","Q24","unknown",4,FALSE,1,1,1,1,1
"55","subject3","F","24","Q25","nasrala",4,TRUE,1,1,1,1,1
"56","subject3","F","24","Q26","unknown",3,FALSE,1,1,1,1,1
"57","subject3","F","24","Q27","hitler",5,TRUE,1,1,1,1,1
"58","subject3","F","24","Q28","unknown",4,FALSE,1,1,1,1,1
"59","subject3","F","24","Q29","unknown",3,FALSE,1,1,1,1,1
"60","subject3","F","24","Q30","unknown",4,FALSE,1,1,1,1,1
"61","subject12","F","24","Q1","unknown",5,FALSE,1,1,1,1,1
"62","subject12","F","24","Q2","arafat",4,TRUE,1,1,1,1,1
"63","subject12","F","24","Q3","hitler",2,TRUE,1,1,1,1,1
"64","subject12","F","24","Q4","unknown",3,FALSE,1,1,1,1,1
"65","subject12","F","24","Q5","sadam",3,TRUE,1,1,1,1,1
"66","subject12","F","24","Q6","binladen",4,TRUE,1,1,1,1,1
"67","subject12","F","24","Q7","nasrala",4,TRUE,1,1,1,1,1
"68","subject12","F","24","Q8","unknown",1,FALSE,1,1,1,1,1
"69","subject12","F","24","Q9","sadam",2,TRUE,1,1,1,1,1
"70","subject12","F","24","Q10","hitler",2,TRUE,1,1,1,1,1
"71","subject12","F","24","Q11","unknown",3,FALSE,1,1,1,1,1
"72","subject12","F","24","Q12","arafat",2,TRUE,1,1,1,1,1
"73","subject12","F","24","Q13","unknown",5,FALSE,1,1,1,1,1
"74","subject12","F","24","Q14","binladen",4,TRUE,1,1,1,1,1
"75","subject12","F","24","Q15","unknown",5,FALSE,1,1,1,1,1
"76","subject12","F","24","Q16","sadam",4,TRUE,1,1,1,1,1
"77","subject12","F","24","Q17","unknown",4,FALSE,1,1,1,1,1
"78","subject12","F","24","Q18","unknown",1,FALSE,1,1,1,1,1
"79","subject12","F","24","Q19","arafat",3,TRUE,1,1,1,1,1
"80","subject12","F","24","Q20","nasrala",1,TRUE,1,1,1,1,1
"81","subject12","F","24","Q21","unknown",2,FALSE,1,1,1,1,1
"82","subject12","F","24","Q22","binladen",4,TRUE,1,1,1,1,1
"83","subject12","F","24","Q23","unknown",4,FALSE,1,1,1,1,1
"84","subject12","F","24","Q24","unknown",5,FALSE,1,1,1,1,1
"85","subject12","F","24","Q25","nasrala",2,TRUE,1,1,1,1,1
"86","subject12","F","24","Q26","unknown",4,FALSE,1,1,1,1,1
"87","subject12","F","24","Q27","hitler",4,TRUE,1,1,1,1,1
"88","subject12","F","24","Q28","unknown",3,FALSE,1,1,1,1,1
"89","subject12","F","24","Q29","unknown",1,FALSE,1,1,1,1,1
"90","subject12","F","24","Q30","unknown",3,FALSE,1,1,1,1,1
"91","subject13","F","23","Q1","unknown",3,FALSE,1,1,1,1,1
"92","subject13","F","23","Q2","arafat",1,TRUE,1,1,1,1,1
"93","subject13","F","23","Q3","hitler",1,TRUE,1,1,1,1,1
"94","subject13","F","23","Q4","unknown",1,FALSE,1,1,1,1,1
"95","subject13","F","23","Q5","sadam",1,TRUE,1,1,1,1,1
"96","subject13","F","23","Q6","binladen",1,TRUE,1,1,1,1,1
"97","subject13","F","23","Q7","nasrala",1,TRUE,1,1,1,1,1
"98","subject13","F","23","Q8","unknown",1,FALSE,1,1,1,1,1
"99","subject13","F","23","Q9","sadam",1,TRUE,1,1,1,1,1
"100","subject13","F","23","Q10","hitler",1,TRUE,1,1,1,1,1
"101","subject13","F","23","Q11","unknown",1,FALSE,1,1,1,1,1
"102","subject13","F","23","Q12","arafat",1,TRUE,1,1,1,1,1
"103","subject13","F","23","Q13","unknown",1,FALSE,1,1,1,1,1
"104","subject13","F","23","Q14","binladen",1,TRUE,1,1,1,1,1
"105","subject13","F","23","Q15","unknown",1,FALSE,1,1,1,1,1
"106","subject13","F","23","Q16","sadam",1,TRUE,1,1,1,1,1
"107","subject13","F","23","Q17","unknown",2,FALSE,1,1,1,1,1
"108","subject13","F","23","Q18","unknown",2,FALSE,1,1,1,1,1
"109","subject13","F","23","Q19","arafat",1,TRUE,1,1,1,1,1
"110","subject13","F","23","Q20","nasrala",1,TRUE,1,1,1,1,1
"111","subject13","F","23","Q21","unknown",1,FALSE,1,1,1,1,1
"112","subject13","F","23","Q22","binladen",1,TRUE,1,1,1,1,1
"113","subject13","F","23","Q23","unknown",2,FALSE,1,1,1,1,1
"114","subject13","F","23","Q24","unknown",1,FALSE,1,1,1,1,1
"115","subject13","F","23","Q25","nasrala",1,TRUE,1,1,1,1,1
"116","subject13","F","23","Q26","unknown",2,FALSE,1,1,1,1,1
"117","subject13","F","23","Q27","hitler",1,TRUE,1,1,1,1,1
"118","subject13","F","23","Q28","unknown",3,FALSE,1,1,1,1,1
"119","subject13","F","23","Q29","unknown",1,FALSE,1,1,1,1,1
"120","subject13","F","23","Q30","unknown",1,FALSE,1,1,1,1,1
"121","subject25","F","23","Q1","unknown",4,FALSE,1,1,1,1,1
"122","subject25","F","23","Q2","arafat",4,TRUE,1,1,1,1,1
"123","subject25","F","23","Q3","hitler",3,TRUE,1,1,1,1,1
"124","subject25","F","23","Q4","unknown",5,FALSE,1,1,1,1,1
"125","subject25","F","23","Q5","sadam",3,TRUE,1,1,1,1,1
"126","subject25","F","23","Q6","binladen",4,TRUE,1,1,1,1,1
"127","subject25","F","23","Q7","nasrala",2,TRUE,1,1,1,1,1
"128","subject25","F","23","Q8","unknown",2,FALSE,1,1,1,1,1
"129","subject25","F","23","Q9","sadam",1,TRUE,1,1,1,1,1
"130","subject25","F","23","Q10","hitler",4,TRUE,1,1,1,1,1
"131","subject25","F","23","Q11","unknown",4,FALSE,1,1,1,1,1
"132","subject25","F","23","Q12","arafat",1,TRUE,1,1,1,1,1
"133","subject25","F","23","Q13","unknown",4,FALSE,1,1,1,1,1
"134","subject25","F","23","Q14","binladen",2,TRUE,1,1,1,1,1
"135","subject25","F","23","Q15","unknown",4,FALSE,1,1,1,1,1
"136","subject25","F","23","Q16","sadam",4,TRUE,1,1,1,1,1
"137","subject25","F","23","Q17","unknown",3,FALSE,1,1,1,1,1
"138","subject25","F","23","Q18","unknown",4,FALSE,1,1,1,1,1
"139","subject25","F","23","Q19","arafat",4,TRUE,1,1,1,1,1
"140","subject25","F","23","Q20","nasrala",1,TRUE,1,1,1,1,1
"141","subject25","F","23","Q21","unknown",1,FALSE,1,1,1,1,1
"142","subject25","F","23","Q22","binladen",4,TRUE,1,1,1,1,1
"143","subject25","F","23","Q23","unknown",2,FALSE,1,1,1,1,1
"144","subject25","F","23","Q24","unknown",2,FALSE,1,1,1,1,1
"145","subject25","F","23","Q25","nasrala",4,TRUE,1,1,1,1,1
"146","subject25","F","23","Q26","unknown",2,FALSE,1,1,1,1,1
"147","subject25","F","23","Q27","hitler",3,TRUE,1,1,1,1,1
"148","subject25","F","23","Q28","unknown",4,FALSE,1,1,1,1,1
"149","subject25","F","23","Q29","unknown",3,FALSE,1,1,1,1,1
"150","subject25","F","23","Q30","unknown",4,FALSE,1,1,1,1,1
"151","subject28","F","24","Q1","unknown",5,FALSE,1,1,1,1,1
"152","subject28","F","24","Q2","arafat",4,TRUE,1,1,1,1,1
"153","subject28","F","24","Q3","hitler",2,TRUE,1,1,1,1,1
"154","subject28","F","24","Q4","unknown",3,FALSE,1,1,1,1,1
"155","subject28","F","24","Q5","sadam",1,TRUE,1,1,1,1,1
"156","subject28","F","24","Q6","binladen",1,TRUE,1,1,1,1,1
"157","subject28","F","24","Q7","nasrala",4,TRUE,1,1,1,1,1
"158","subject28","F","24","Q8","unknown",1,FALSE,1,1,1,1,1
"159","subject28","F","24","Q9","sadam",1,TRUE,1,1,1,1,1
"160","subject28","F","24","Q10","hitler",5,TRUE,1,1,1,1,1
"161","subject28","F","24","Q11","unknown",2,FALSE,1,1,1,1,1
"162","subject28","F","24","Q12","arafat",1,TRUE,1,1,1,1,1
"163","subject28","F","24","Q13","unknown",4,FALSE,1,1,1,1,1
"164","subject28","F","24","Q14","binladen",1,TRUE,1,1,1,1,1
"165","subject28","F","24","Q15","unknown",5,FALSE,1,1,1,1,1
"166","subject28","F","24","Q16","sadam",2,TRUE,1,1,1,1,1
"167","subject28","F","24","Q17","unknown",5,FALSE,1,1,1,1,1
"168","subject28","F","24","Q18","unknown",5,FALSE,1,1,1,1,1
"169","subject28","F","24","Q19","arafat",1,TRUE,1,1,1,1,1
"170","subject28","F","24","Q20","nasrala",2,TRUE,1,1,1,1,1
"171","subject28","F","24","Q21","unknown",5,FALSE,1,1,1,1,1
"172","subject28","F","24","Q22","binladen",4,TRUE,1,1,1,1,1
"173","subject28","F","24","Q23","unknown",5,FALSE,1,1,1,1,1
"174","subject28","F","24","Q24","unknown",5,FALSE,1,1,1,1,1
"175","subject28","F","24","Q25","nasrala",5,TRUE,1,1,1,1,1
"176","subject28","F","24","Q26","unknown",1,FALSE,1,1,1,1,1
"177","subject28","F","24","Q27","hitler",1,TRUE,1,1,1,1,1
"178","subject28","F","24","Q28","unknown",4,FALSE,1,1,1,1,1
"179","subject28","F","24","Q29","unknown",1,FALSE,1,1,1,1,1
"180","subject28","F","24","Q30","unknown",1,FALSE,1,1,1,1,1
"181","subject7","M","24","Q1","unknown",1,FALSE,1,1,1,1,1
"182","subject7","M","24","Q2","unknown",5,FALSE,1,1,1,1,1
"183","subject7","M","24","Q3","nasrala",5,TRUE,1,1,1,1,1
"184","subject7","M","24","Q4","binladen",1,TRUE,1,1,1,1,1
"185","subject7","M","24","Q5","unknown",2,FALSE,1,1,1,1,1
"186","subject7","M","24","Q6","unknown",1,FALSE,1,1,1,1,1
"187","subject7","M","24","Q7","unknown",5,FALSE,1,1,1,1,1
"188","subject7","M","24","Q8","arafat",1,TRUE,1,1,1,1,1
"189","subject7","M","24","Q9","hitler",5,TRUE,1,1,1,1,1
"190","subject7","M","24","Q10","nasrala",1,TRUE,1,1,1,1,1
"191","subject7","M","24","Q11","hitler",5,TRUE,1,1,1,1,1
"192","subject7","M","24","Q12","unknown",5,FALSE,1,1,1,1,1
"193","subject7","M","24","Q13","hitler",5,TRUE,1,1,1,1,1
"194","subject7","M","24","Q14","unknown",3,FALSE,1,1,1,1,1
"195","subject7","M","24","Q15","arafat",3,TRUE,1,1,1,1,1
"196","subject7","M","24","Q16","unknown",5,FALSE,1,1,1,1,1
"197","subject7","M","24","Q17","binladen",5,TRUE,1,1,1,1,1
"198","subject7","M","24","Q18","sadam",2,TRUE,1,1,1,1,1
"199","subject7","M","24","Q19","arafat",1,TRUE,1,1,1,1,1
"200","subject7","M","24","Q20","unknown",5,FALSE,1,1,1,1,1
"201","subject7","M","24","Q21","sadam",5,TRUE,1,1,1,1,1
"202","subject7","M","24","Q22","binladen",5,TRUE,1,1,1,1,1
"203","subject7","M","24","Q23","unknown",2,FALSE,1,1,1,1,1
"204","subject7","M","24","Q24","nasrala",2,TRUE,1,1,1,1,1
"205","subject7","M","24","Q25","unknown",1,FALSE,1,1,1,1,1
"206","subject7","M","24","Q26","unknown",3,FALSE,1,1,1,1,1
"207","subject7","M","24","Q27","unknown",3,FALSE,1,1,1,1,1
"208","subject7","M","24","Q28","unknown",5,FALSE,1,1,1,1,1
"209","subject7","M","24","Q29","sadam",5,TRUE,1,1,1,1,1
"210","subject7","M","24","Q30","unknown",4,FALSE,1,1,1,1,1
"211","subject9","M","25","Q1","unknown",4,FALSE,1,1,1,1,2
"212","subject9","M","25","Q2","unknown",5,FALSE,1,1,1,1,2
"213","subject9","M","25","Q3","nasrala",1,TRUE,1,1,1,1,2
"214","subject9","M","25","Q4","binladen",5,TRUE,1,1,1,1,2
"215","subject9","M","25","Q5","unknown",2,FALSE,1,1,1,1,2
"216","subject9","M","25","Q6","unknown",5,FALSE,1,1,1,1,2
"217","subject9","M","25","Q7","unknown",4,FALSE,1,1,1,1,2
"218","subject9","M","25","Q8","arafat",3,TRUE,1,1,1,1,2
"219","subject9","M","25","Q9","hitler",1,TRUE,1,1,1,1,2
"220","subject9","M","25","Q10","nasrala",5,TRUE,1,1,1,1,2
"221","subject9","M","25","Q11","hitler",1,TRUE,1,1,1,1,2
"222","subject9","M","25","Q12","unknown",1,FALSE,1,1,1,1,2
"223","subject9","M","25","Q13","hitler",5,TRUE,1,1,1,1,2
"224","subject9","M","25","Q14","unknown",3,FALSE,1,1,1,1,2
"225","subject9","M","25","Q15","arafat",5,TRUE,1,1,1,1,2
"226","subject9","M","25","Q16","unknown",4,FALSE,1,1,1,1,2
"227","subject9","M","25","Q17","binladen",5,TRUE,1,1,1,1,2
"228","subject9","M","25","Q18","sadam",2,TRUE,1,1,1,1,2
"229","subject9","M","25","Q19","arafat",2,TRUE,1,1,1,1,2
"230","subject9","M","25","Q20","unknown",5,FALSE,1,1,1,1,2
"231","subject9","M","25","Q21","sadam",3,TRUE,1,1,1,1,2
"232","subject9","M","25","Q22","binladen",5,TRUE,1,1,1,1,2
"233","subject9","M","25","Q23","unknown",5,FALSE,1,1,1,1,2
"234","subject9","M","25","Q24","nasrala",5,TRUE,1,1,1,1,2
"235","subject9","M","25","Q25","unknown",5,FALSE,1,1,1,1,2
"236","subject9","M","25","Q26","unknown",2,FALSE,1,1,1,1,2
"237","subject9","M","25","Q27","unknown",5,FALSE,1,1,1,1,2
"238","subject9","M","25","Q28","unknown",5,FALSE,1,1,1,1,2
"239","subject9","M","25","Q29","sadam",5,TRUE,1,1,1,1,2
"240","subject9","M","25","Q30","unknown",4,FALSE,1,1,1,1,2
"241","subject17","M","25","Q1","unknown",4,FALSE,1,2,1,1,2
"242","subject17","M","25","Q2","unknown",4,FALSE,1,2,1,1,2
"243","subject17","M","25","Q3","nasrala",3,TRUE,1,2,1,1,2
"244","subject17","M","25","Q4","binladen",5,TRUE,1,2,1,1,2
"245","subject17","M","25","Q5","unknown",3,FALSE,1,2,1,1,2
"246","subject17","M","25","Q6","unknown",5,FALSE,1,2,1,1,2
"247","subject17","M","25","Q7","unknown",5,FALSE,1,2,1,1,2
"248","subject17","M","25","Q8","arafat",4,TRUE,1,2,1,1,2
"249","subject17","M","25","Q9","hitler",4,TRUE,1,2,1,1,2
"250","subject17","M","25","Q10","nasrala",4,TRUE,1,2,1,1,2
"251","subject17","M","25","Q11","hitler",2,TRUE,1,2,1,1,2
"252","subject17","M","25","Q12","unknown",1,FALSE,1,2,1,1,2
"253","subject17","M","25","Q13","hitler",4,TRUE,1,2,1,1,2
"254","subject17","M","25","Q14","unknown",3,FALSE,1,2,1,1,2
"255","subject17","M","25","Q15","arafat",5,TRUE,1,2,1,1,2
"256","subject17","M","25","Q16","unknown",2,FALSE,1,2,1,1,2
"257","subject17","M","25","Q17","binladen",2,TRUE,1,2,1,1,2
"258","subject17","M","25","Q18","sadam",2,TRUE,1,2,1,1,2
"259","subject17","M","25","Q19","arafat",2,TRUE,1,2,1,1,2
"260","subject17","M","25","Q20","unknown",4,FALSE,1,2,1,1,2
"261","subject17","M","25","Q21","sadam",1,TRUE,1,2,1,1,2
"262","subject17","M","25","Q22","binladen",4,TRUE,1,2,1,1,2
"263","subject17","M","25","Q23","unknown",5,FALSE,1,2,1,1,2
"264","subject17","M","25","Q24","nasrala",5,TRUE,1,2,1,1,2
"265","subject17","M","25","Q25","unknown",4,FALSE,1,2,1,1,2
"266","subject17","M","25","Q26","unknown",2,FALSE,1,2,1,1,2
"267","subject17","M","25","Q27","unknown",2,FALSE,1,2,1,1,2
"268","subject17","M","25","Q28","unknown",4,FALSE,1,2,1,1,2
"269","subject17","M","25","Q29","sadam",4,TRUE,1,2,1,1,2
"270","subject17","M","25","Q30","unknown",2,FALSE,1,2,1,1,2
"271","subject22","F","24","Q1","unknown",2,FALSE,1,2,2,2,4
"272","subject22","F","24","Q2","unknown",2,FALSE,1,2,2,2,4
"273","subject22","F","24","Q3","nasrala",2,TRUE,1,2,2,2,4
"274","subject22","F","24","Q4","binladen",4,TRUE,1,2,2,2,4
"275","subject22","F","24","Q5","unknown",4,FALSE,1,2,2,2,4
"276","subject22","F","24","Q6","unknown",3,FALSE,1,2,2,2,4
"277","subject22","F","24","Q7","unknown",4,FALSE,1,2,2,2,4
"278","subject22","F","24","Q8","arafat",4,TRUE,1,2,2,2,4
"279","subject22","F","24","Q9","hitler",2,TRUE,1,2,2,2,4
"280","subject22","F","24","Q10","nasrala",3,TRUE,1,2,2,2,4
"281","subject22","F","24","Q11","hitler",2,TRUE,1,2,2,2,4
"282","subject22","F","24","Q12","unknown",5,FALSE,1,2,2,2,4
"283","subject22","F","24","Q13","hitler",2,TRUE,1,2,2,2,4
"284","subject22","F","24","Q14","unknown",3,FALSE,1,2,2,2,4
"285","subject22","F","24","Q15","arafat",4,TRUE,1,2,2,2,4
"286","subject22","F","24","Q16","unknown",4,FALSE,1,2,2,2,4
"287","subject22","F","24","Q17","binladen",2,TRUE,1,2,2,2,4
"288","subject22","F","24","Q18","sadam",5,TRUE,1,2,2,2,4
"289","subject22","F","24","Q19","arafat",5,TRUE,1,2,2,2,4
"290","subject22","F","24","Q20","unknown",4,FALSE,1,2,2,2,4
"291","subject22","F","24","Q21","sadam",2,TRUE,1,2,2,2,4
"292","subject22","F","24","Q22","binladen",4,TRUE,1,2,2,2,4
"293","subject22","F","24","Q23","unknown",2,FALSE,1,2,2,2,4
"294","subject22","F","24","Q24","nasrala",3,TRUE,1,2,2,2,4
"295","subject22","F","24","Q25","unknown",4,FALSE,1,2,2,2,4
"296","subject22","F","24","Q26","unknown",3,FALSE,1,2,2,2,4
"297","subject22","F","24","Q27","unknown",3,FALSE,1,2,2,2,4
"298","subject22","F","24","Q28","unknown",4,FALSE,1,2,2,2,4
"299","subject22","F","24","Q29","sadam",3,TRUE,1,2,2,2,4
"300","subject22","F","24","Q30","unknown",4,FALSE,1,2,2,2,4
"301","subject1","F","36","Q1","unknown",1,FALSE,1,1,1,1,1
"302","subject1","F","36","Q2","hitler",3,TRUE,1,1,1,1,1
"303","subject1","F","36","Q3","sadam",4,TRUE,1,1,1,1,1
"304","subject1","F","36","Q4","unknown",1,FALSE,1,1,1,1,1
"305","subject1","F","36","Q5","unknown",4,FALSE,1,1,1,1,1
"306","subject1","F","36","Q6","unknown",1,FALSE,1,1,1,1,1
"307","subject1","F","36","Q7","unknown",1,FALSE,1,1,1,1,1
"308","subject1","F","36","Q8","unknown",2,FALSE,1,1,1,1,1
"309","subject1","F","36","Q9","unknown",2,FALSE,1,1,1,1,1
"310","subject1","F","36","Q10","unknown",4,FALSE,1,1,1,1,1
"311","subject1","F","36","Q11","nasrala",2,TRUE,1,1,1,1,1
"312","subject1","F","36","Q12","nasrala",1,TRUE,1,1,1,1,1
"313","subject1","F","36","Q13","arafat",2,TRUE,1,1,1,1,1
"314","subject1","F","36","Q14","hitler",2,TRUE,1,1,1,1,1
"315","subject1","F","36","Q15","unknown",1,FALSE,1,1,1,1,1
"316","subject1","F","36","Q16","arafat",3,TRUE,1,1,1,1,1
"317","subject1","F","36","Q17","nasrala",3,TRUE,1,1,1,1,1
"318","subject1","F","36","Q18","unknown",3,FALSE,1,1,1,1,1
"319","subject1","F","36","Q19","unknown",3,FALSE,1,1,1,1,1
"320","subject1","F","36","Q20","hitler",1,TRUE,1,1,1,1,1
"321","subject1","F","36","Q21","unknown",3,FALSE,1,1,1,1,1
"322","subject1","F","36","Q22","unknown",3,FALSE,1,1,1,1,1
"323","subject1","F","36","Q23","binladen",2,TRUE,1,1,1,1,1
"324","subject1","F","36","Q24","unknown",3,FALSE,1,1,1,1,1
"325","subject1","F","36","Q25","sadam",2,TRUE,1,1,1,1,1
"326","subject1","F","36","Q26","binladen",4,TRUE,1,1,1,1,1
"327","subject1","F","36","Q27","sadam",1,TRUE,1,1,1,1,1
"328","subject1","F","36","Q28","binladen",2,TRUE,1,1,1,1,1
"329","subject1","F","36","Q29","arafat",1,TRUE,1,1,1,1,1
"330","subject1","F","36","Q30","unknown",3,FALSE,1,1,1,1,1
"331","subject5","M","25","Q1","unknown",2,FALSE,1,1,1,1,1
"332","subject5","M","25","Q2","hitler",4,TRUE,1,1,1,1,1
"333","subject5","M","25","Q3","sadam",2,TRUE,1,1,1,1,1
"334","subject5","M","25","Q4","unknown",2,FALSE,1,1,1,1,1
"335","subject5","M","25","Q5","unknown",4,FALSE,1,1,1,1,1
"336","subject5","M","25","Q6","unknown",1,FALSE,1,1,1,1,1
"337","subject5","M","25","Q7","unknown",1,FALSE,1,1,1,1,1
"338","subject5","M","25","Q8","unknown",1,FALSE,1,1,1,1,1
"339","subject5","M","25","Q9","unknown",3,FALSE,1,1,1,1,1
"340","subject5","M","25","Q10","unknown",4,FALSE,1,1,1,1,1
"341","subject5","M","25","Q11","nasrala",2,TRUE,1,1,1,1,1
"342","subject5","M","25","Q12","nasrala",1,TRUE,1,1,1,1,1
"343","subject5","M","25","Q13","arafat",5,TRUE,1,1,1,1,1
"344","subject5","M","25","Q14","hitler",3,TRUE,1,1,1,1,1
"345","subject5","M","25","Q15","unknown",3,FALSE,1,1,1,1,1
"346","subject5","M","25","Q16","arafat",4,TRUE,1,1,1,1,1
"347","subject5","M","25","Q17","nasrala",4,TRUE,1,1,1,1,1
"348","subject5","M","25","Q18","unknown",4,FALSE,1,1,1,1,1
"349","subject5","M","25","Q19","unknown",2,FALSE,1,1,1,1,1
"350","subject5","M","25","Q20","hitler",1,TRUE,1,1,1,1,1
"351","subject5","M","25","Q21","unknown",1,FALSE,1,1,1,1,1
"352","subject5","M","25","Q22","unknown",4,FALSE,1,1,1,1,1
"353","subject5","M","25","Q23","binladen",4,TRUE,1,1,1,1,1
"354","subject5","M","25","Q24","unknown",4,FALSE,1,1,1,1,1
"355","subject5","M","25","Q25","sadam",2,TRUE,1,1,1,1,1
"356","subject5","M","25","Q26","binladen",4,TRUE,1,1,1,1,1
"357","subject5","M","25","Q27","sadam",1,TRUE,1,1,1,1,1
"358","subject5","M","25","Q28","binladen",4,TRUE,1,1,1,1,1
"359","subject5","M","25","Q29","arafat",3,TRUE,1,1,1,1,1
"360","subject5","M","25","Q30","unknown",4,FALSE,1,1,1,1,1
"361","subject15","F","24","Q1","unknown",2,FALSE,1,1,1,1,1
"362","subject15","F","24","Q2","hitler",2,TRUE,1,1,1,1,1
"363","subject15","F","24","Q3","sadam",4,TRUE,1,1,1,1,1
"364","subject15","F","24","Q4","unknown",3,FALSE,1,1,1,1,1
"365","subject15","F","24","Q5","unknown",3,FALSE,1,1,1,1,1
"366","subject15","F","24","Q6","unknown",2,FALSE,1,1,1,1,1
"367","subject15","F","24","Q7","unknown",1,FALSE,1,1,1,1,1
"368","subject15","F","24","Q8","unknown",1,FALSE,1,1,1,1,1
"369","subject15","F","24","Q9","unknown",1,FALSE,1,1,1,1,1
"370","subject15","F","24","Q10","unknown",3,FALSE,1,1,1,1,1
"371","subject15","F","24","Q11","nasrala",2,TRUE,1,1,1,1,1
"372","subject15","F","24","Q12","nasrala",2,TRUE,1,1,1,1,1
"373","subject15","F","24","Q13","arafat",4,TRUE,1,1,1,1,1
"374","subject15","F","24","Q14","hitler",1,TRUE,1,1,1,1,1
"375","subject15","F","24","Q15","unknown",1,FALSE,1,1,1,1,1
"376","subject15","F","24","Q16","arafat",1,TRUE,1,1,1,1,1
"377","subject15","F","24","Q17","nasrala",3,TRUE,1,1,1,1,1
"378","subject15","F","24","Q18","unknown",2,FALSE,1,1,1,1,1
"379","subject15","F","24","Q19","unknown",3,FALSE,1,1,1,1,1
"380","subject15","F","24","Q20","hitler",1,TRUE,1,1,1,1,1
"381","subject15","F","24","Q21","unknown",2,FALSE,1,1,1,1,1
"382","subject15","F","24","Q22","unknown",4,FALSE,1,1,1,1,1
"383","subject15","F","24","Q23","binladen",2,TRUE,1,1,1,1,1
"384","subject15","F","24","Q24","unknown",2,FALSE,1,1,1,1,1
"385","subject15","F","24","Q25","sadam",1,TRUE,1,1,1,1,1
"386","subject15","F","24","Q26","binladen",4,TRUE,1,1,1,1,1
"387","subject15","F","24","Q27","sadam",1,TRUE,1,1,1,1,1
"388","subject15","F","24","Q28","binladen",3,TRUE,1,1,1,1,1
"389","subject15","F","24","Q29","arafat",4,TRUE,1,1,1,1,1
"390","subject15","F","24","Q30","unknown",3,FALSE,1,1,1,1,1
"391","subject19","M","24","Q1","unknown",4,FALSE,1,2,2,2,2
"392","subject19","M","24","Q2","hitler",4,TRUE,1,2,2,2,2
"393","subject19","M","24","Q3","sadam",4,TRUE,1,2,2,2,2
"394","subject19","M","24","Q4","unknown",4,FALSE,1,2,2,2,2
"395","subject19","M","24","Q5","unknown",2,FALSE,1,2,2,2,2
"396","subject19","M","24","Q6","unknown",1,FALSE,1,2,2,2,2
"397","subject19","M","24","Q7","unknown",4,FALSE,1,2,2,2,2
"398","subject19","M","24","Q8","unknown",1,FALSE,1,2,2,2,2
"399","subject19","M","24","Q9","unknown",4,FALSE,1,2,2,2,2
"400","subject19","M","24","Q10","unknown",3,FALSE,1,2,2,2,2
"401","subject19","M","24","Q11","nasrala",3,TRUE,1,2,2,2,2
"402","subject19","M","24","Q12","nasrala",2,TRUE,1,2,2,2,2
"403","subject19","M","24","Q13","arafat",1,TRUE,1,2,2,2,2
"404","subject19","M","24","Q14","hitler",1,TRUE,1,2,2,2,2
"405","subject19","M","24","Q15","unknown",4,FALSE,1,2,2,2,2
"406","subject19","M","24","Q16","arafat",3,TRUE,1,2,2,2,2
"407","subject19","M","24","Q17","nasrala",4,TRUE,1,2,2,2,2
"408","subject19","M","24","Q18","unknown",2,FALSE,1,2,2,2,2
"409","subject19","M","24","Q19","unknown",2,FALSE,1,2,2,2,2
"410","subject19","M","24","Q20","hitler",1,TRUE,1,2,2,2,2
"411","subject19","M","24","Q21","unknown",4,FALSE,1,2,2,2,2
"412","subject19","M","24","Q22","unknown",5,FALSE,1,2,2,2,2
"413","subject19","M","24","Q23","binladen",3,TRUE,1,2,2,2,2
"414","subject19","M","24","Q24","unknown",4,FALSE,1,2,2,2,2
"415","subject19","M","24","Q25","sadam",4,TRUE,1,2,2,2,2
"416","subject19","M","24","Q26","binladen",3,TRUE,1,2,2,2,2
"417","subject19","M","24","Q27","sadam",4,TRUE,1,2,2,2,2
"418","subject19","M","24","Q28","binladen",4,TRUE,1,2,2,2,2
"419","subject19","M","24","Q29","arafat",4,TRUE,1,2,2,2,2
"420","subject19","M","24","Q30","unknown",4,FALSE,1,2,2,2,2
"421","subject26","M","25","Q1","unknown",3,FALSE,1,2,1,1,3
"422","subject26","M","25","Q2","hitler",5,TRUE,1,2,1,1,3
"423","subject26","M","25","Q3","sadam",4,TRUE,1,2,1,1,3
"424","subject26","M","25","Q4","unknown",4,FALSE,1,2,1,1,3
"425","subject26","M","25","Q5","unknown",3,FALSE,1,2,1,1,3
"426","subject26","M","25","Q6","unknown",4,FALSE,1,2,1,1,3
"427","subject26","M","25","Q7","unknown",5,FALSE,1,2,1,1,3
"428","subject26","M","25","Q8","unknown",1,FALSE,1,2,1,1,3
"429","subject26","M","25","Q9","unknown",1,FALSE,1,2,1,1,3
"430","subject26","M","25","Q10","unknown",4,FALSE,1,2,1,1,3
"431","subject26","M","25","Q11","nasrala",3,TRUE,1,2,1,1,3
"432","subject26","M","25","Q12","nasrala",2,TRUE,1,2,1,1,3
"433","subject26","M","25","Q13","arafat",3,TRUE,1,2,1,1,3
"434","subject26","M","25","Q14","hitler",2,TRUE,1,2,1,1,3
"435","subject26","M","25","Q15","unknown",3,FALSE,1,2,1,1,3
"436","subject26","M","25","Q16","arafat",4,TRUE,1,2,1,1,3
"437","subject26","M","25","Q17","nasrala",2,TRUE,1,2,1,1,3
"438","subject26","M","25","Q18","unknown",3,FALSE,1,2,1,1,3
"439","subject26","M","25","Q19","unknown",2,FALSE,1,2,1,1,3
"440","subject26","M","25","Q20","hitler",1,TRUE,1,2,1,1,3
"441","subject26","M","25","Q21","unknown",3,FALSE,1,2,1,1,3
"442","subject26","M","25","Q22","unknown",3,FALSE,1,2,1,1,3
"443","subject26","M","25","Q23","binladen",4,TRUE,1,2,1,1,3
"444","subject26","M","25","Q24","unknown",4,FALSE,1,2,1,1,3
"445","subject26","M","25","Q25","sadam",2,TRUE,1,2,1,1,3
"446","subject26","M","25","Q26","binladen",4,TRUE,1,2,1,1,3
"447","subject26","M","25","Q27","sadam",2,TRUE,1,2,1,1,3
"448","subject26","M","25","Q28","binladen",4,TRUE,1,2,1,1,3
"449","subject26","M","25","Q29","arafat",4,TRUE,1,2,1,1,3
"450","subject26","M","25","Q30","unknown",2,FALSE,1,2,1,1,3
"451","subject29","F","36","Q1","unknown",1,FALSE,1,1,1,3,3
"452","subject29","F","36","Q2","hitler",5,TRUE,1,1,1,3,3
"453","subject29","F","36","Q3","sadam",4,TRUE,1,1,1,3,3
"454","subject29","F","36","Q4","unknown",2,FALSE,1,1,1,3,3
"455","subject29","F","36","Q5","unknown",3,FALSE,1,1,1,3,3
"456","subject29","F","36","Q6","unknown",4,FALSE,1,1,1,3,3
"457","subject29","F","36","Q7","unknown",4,FALSE,1,1,1,3,3
"458","subject29","F","36","Q8","unknown",3,FALSE,1,1,1,3,3
"459","subject29","F","36","Q9","unknown",2,FALSE,1,1,1,3,3
"460","subject29","F","36","Q10","unknown",5,FALSE,1,1,1,3,3
"461","subject29","F","36","Q11","nasrala",2,TRUE,1,1,1,3,3
"462","subject29","F","36","Q12","nasrala",1,TRUE,1,1,1,3,3
"463","subject29","F","36","Q13","arafat",5,TRUE,1,1,1,3,3
"464","subject29","F","36","Q14","hitler",1,TRUE,1,1,1,3,3
"465","subject29","F","36","Q15","unknown",2,FALSE,1,1,1,3,3
"466","subject29","F","36","Q16","arafat",5,TRUE,1,1,1,3,3
"467","subject29","F","36","Q17","nasrala",3,TRUE,1,1,1,3,3
"468","subject29","F","36","Q18","unknown",5,FALSE,1,1,1,3,3
"469","subject29","F","36","Q19","unknown",3,FALSE,1,1,1,3,3
"470","subject29","F","36","Q20","hitler",2,TRUE,1,1,1,3,3
"471","subject29","F","36","Q21","unknown",1,FALSE,1,1,1,3,3
"472","subject29","F","36","Q22","unknown",2,FALSE,1,1,1,3,3
"473","subject29","F","36","Q23","binladen",2,TRUE,1,1,1,3,3
"474","subject29","F","36","Q24","unknown",1,FALSE,1,1,1,3,3
"475","subject29","F","36","Q25","sadam",1,TRUE,1,1,1,3,3
"476","subject29","F","36","Q26","binladen",1,TRUE,1,1,1,3,3
"477","subject29","F","36","Q27","sadam",5,TRUE,1,1,1,3,3
"478","subject29","F","36","Q28","binladen",5,TRUE,1,1,1,3,3
"479","subject29","F","36","Q29","arafat",4,TRUE,1,1,1,3,3
"480","subject29","F","36","Q30","unknown",2,FALSE,1,1,1,3,3
"481","subject8","F","24","Q1","sadam",1,TRUE,1,2,1,1,3
"482","subject8","F","24","Q2","unknown",5,FALSE,1,2,1,1,3
"483","subject8","F","24","Q3","unknown",4,FALSE,1,2,1,1,3
"484","subject8","F","24","Q4","hitler",5,TRUE,1,2,1,1,3
"485","subject8","F","24","Q5","hitler",1,TRUE,1,2,1,1,3
"486","subject8","F","24","Q6","sadam",1,TRUE,1,2,1,1,3
"487","subject8","F","24","Q7","binladen",1,TRUE,1,2,1,1,3
"488","subject8","F","24","Q8","nasrala",1,TRUE,1,2,1,1,3
"489","subject8","F","24","Q9","arafat",1,TRUE,1,2,1,1,3
"490","subject8","F","24","Q10","hitler",1,TRUE,1,2,1,1,3
"491","subject8","F","24","Q11","unknown",2,FALSE,1,2,1,1,3
"492","subject8","F","24","Q12","unknown",1,FALSE,1,2,1,1,3
"493","subject8","F","24","Q13","nasrala",1,TRUE,1,2,1,1,3
"494","subject8","F","24","Q14","unknown",1,FALSE,1,2,1,1,3
"495","subject8","F","24","Q15","arafat",1,TRUE,1,2,1,1,3
"496","subject8","F","24","Q16","unknown",1,FALSE,1,2,1,1,3
"497","subject8","F","24","Q17","binladen",1,TRUE,1,2,1,1,3
"498","subject8","F","24","Q18","nasrala",1,TRUE,1,2,1,1,3
"499","subject8","F","24","Q19","unknown",3,FALSE,1,2,1,1,3
"500","subject8","F","24","Q20","unknown",4,FALSE,1,2,1,1,3
"501","subject8","F","24","Q21","sadam",2,TRUE,1,2,1,1,3
"502","subject8","F","24","Q22","unknown",5,FALSE,1,2,1,1,3
"503","subject8","F","24","Q23","unknown",1,FALSE,1,2,1,1,3
"504","subject8","F","24","Q24","arafat",5,TRUE,1,2,1,1,3
"505","subject8","F","24","Q25","binladen",1,TRUE,1,2,1,1,3
"506","subject8","F","24","Q26","unknown",1,FALSE,1,2,1,1,3
"507","subject8","F","24","Q27","unknown",1,FALSE,1,2,1,1,3
"508","subject8","F","24","Q28","unknown",5,FALSE,1,2,1,1,3
"509","subject8","F","24","Q29","unknown",2,FALSE,1,2,1,1,3
"510","subject8","F","24","Q30","unknown",3,FALSE,1,2,1,1,3
"511","subject14","M","25","Q1","sadam",4,TRUE,1,1,1,1,1
"512","subject14","M","25","Q2","unknown",5,FALSE,1,1,1,1,1
"513","subject14","M","25","Q3","unknown",3,FALSE,1,1,1,1,1
"514","subject14","M","25","Q4","hitler",3,TRUE,1,1,1,1,1
"515","subject14","M","25","Q5","hitler",5,TRUE,1,1,1,1,1
"516","subject14","M","25","Q6","sadam",2,TRUE,1,1,1,1,1
"517","subject14","M","25","Q7","binladen",1,TRUE,1,1,1,1,1
"518","subject14","M","25","Q8","nasrala",3,TRUE,1,1,1,1,1
"519","subject14","M","25","Q9","arafat",2,TRUE,1,1,1,1,1
"520","subject14","M","25","Q10","hitler",3,TRUE,1,1,1,1,1
"521","subject14","M","25","Q11","unknown",4,FALSE,1,1,1,1,1
"522","subject14","M","25","Q12","unknown",5,FALSE,1,1,1,1,1
"523","subject14","M","25","Q13","nasrala",4,TRUE,1,1,1,1,1
"524","subject14","M","25","Q14","unknown",4,FALSE,1,1,1,1,1
"525","subject14","M","25","Q15","arafat",3,TRUE,1,1,1,1,1
"526","subject14","M","25","Q16","unknown",5,FALSE,1,1,1,1,1
"527","subject14","M","25","Q17","binladen",4,TRUE,1,1,1,1,1
"528","subject14","M","25","Q18","nasrala",1,TRUE,1,1,1,1,1
"529","subject14","M","25","Q19","unknown",4,FALSE,1,1,1,1,1
"530","subject14","M","25","Q20","unknown",3,FALSE,1,1,1,1,1
"531","subject14","M","25","Q21","sadam",1,TRUE,1,1,1,1,1
"532","subject14","M","25","Q22","unknown",5,FALSE,1,1,1,1,1
"533","subject14","M","25","Q23","unknown",2,FALSE,1,1,1,1,1
"534","subject14","M","25","Q24","arafat",3,TRUE,1,1,1,1,1
"535","subject14","M","25","Q25","binladen",1,TRUE,1,1,1,1,1
"536","subject14","M","25","Q26","unknown",3,FALSE,1,1,1,1,1
"537","subject14","M","25","Q27","unknown",3,FALSE,1,1,1,1,1
"538","subject14","M","25","Q28","unknown",3,FALSE,1,1,1,1,1
"539","subject14","M","25","Q29","unknown",5,FALSE,1,1,1,1,1
"540","subject14","M","25","Q30","unknown",5,FALSE,1,1,1,1,1
"541","subject18","F","24","Q1","sadam",2,TRUE,1,1,1,1,1
"542","subject18","F","24","Q2","unknown",5,FALSE,1,1,1,1,1
"543","subject18","F","24","Q3","unknown",3,FALSE,1,1,1,1,1
"544","subject18","F","24","Q4","hitler",3,TRUE,1,1,1,1,1
"545","subject18","F","24","Q5","hitler",2,TRUE,1,1,1,1,1
"546","subject18","F","24","Q6","sadam",4,TRUE,1,1,1,1,1
"547","subject18","F","24","Q7","binladen",3,TRUE,1,1,1,1,1
"548","subject18","F","24","Q8","nasrala",1,TRUE,1,1,1,1,1
"549","subject18","F","24","Q9","arafat",1,TRUE,1,1,1,1,1
"550","subject18","F","24","Q10","hitler",4,TRUE,1,1,1,1,1
"551","subject18","F","24","Q11","unknown",3,FALSE,1,1,1,1,1
"552","subject18","F","24","Q12","unknown",3,FALSE,1,1,1,1,1
"553","subject18","F","24","Q13","nasrala",3,TRUE,1,1,1,1,1
"554","subject18","F","24","Q14","unknown",2,FALSE,1,1,1,1,1
"555","subject18","F","24","Q15","arafat",4,TRUE,1,1,1,1,1
"556","subject18","F","24","Q16","unknown",4,FALSE,1,1,1,1,1
"557","subject18","F","24","Q17","binladen",4,TRUE,1,1,1,1,1
"558","subject18","F","24","Q18","nasrala",3,TRUE,1,1,1,1,1
"559","subject18","F","24","Q19","unknown",2,FALSE,1,1,1,1,1
"560","subject18","F","24","Q20","unknown",2,FALSE,1,1,1,1,1
"561","subject18","F","24","Q21","sadam",3,TRUE,1,1,1,1,1
"562","subject18","F","24","Q22","unknown",4,FALSE,1,1,1,1,1
"563","subject18","F","24","Q23","unknown",3,FALSE,1,1,1,1,1
"564","subject18","F","24","Q24","arafat",3,TRUE,1,1,1,1,1
"565","subject18","F","24","Q25","binladen",2,TRUE,1,1,1,1,1
"566","subject18","F","24","Q26","unknown",3,FALSE,1,1,1,1,1
"567","subject18","F","24","Q27","unknown",2,FALSE,1,1,1,1,1
"568","subject18","F","24","Q28","unknown",3,FALSE,1,1,1,1,1
"569","subject18","F","24","Q29","unknown",3,FALSE,1,1,1,1,1
"570","subject18","F","24","Q30","unknown",4,FALSE,1,1,1,1,1
"571","subject21","M","26","Q1","sadam",2,TRUE,1,1,1,1,1
"572","subject21","M","26","Q2","unknown",4,FALSE,1,1,1,1,1
"573","subject21","M","26","Q3","unknown",4,FALSE,1,1,1,1,1
"574","subject21","M","26","Q4","hitler",4,TRUE,1,1,1,1,1
"575","subject21","M","26","Q5","hitler",2,TRUE,1,1,1,1,1
"576","subject21","M","26","Q6","sadam",3,TRUE,1,1,1,1,1
"577","subject21","M","26","Q7","binladen",4,TRUE,1,1,1,1,1
"578","subject21","M","26","Q8","nasrala",3,TRUE,1,1,1,1,1
"579","subject21","M","26","Q9","arafat",1,TRUE,1,1,1,1,1
"580","subject21","M","26","Q10","hitler",4,TRUE,1,1,1,1,1
"581","subject21","M","26","Q11","unknown",3,FALSE,1,1,1,1,1
"582","subject21","M","26","Q12","unknown",1,FALSE,1,1,1,1,1
"583","subject21","M","26","Q13","nasrala",4,TRUE,1,1,1,1,1
"584","subject21","M","26","Q14","unknown",2,FALSE,1,1,1,1,1
"585","subject21","M","26","Q15","arafat",4,TRUE,1,1,1,1,1
"586","subject21","M","26","Q16","unknown",3,FALSE,1,1,1,1,1
"587","subject21","M","26","Q17","binladen",2,TRUE,1,1,1,1,1
"588","subject21","M","26","Q18","nasrala",3,TRUE,1,1,1,1,1
"589","subject21","M","26","Q19","unknown",3,FALSE,1,1,1,1,1
"590","subject21","M","26","Q20","unknown",1,FALSE,1,1,1,1,1
"591","subject21","M","26","Q21","sadam",2,TRUE,1,1,1,1,1
"592","subject21","M","26","Q22","unknown",4,FALSE,1,1,1,1,1
"593","subject21","M","26","Q23","unknown",4,FALSE,1,1,1,1,1
"594","subject21","M","26","Q24","arafat",4,TRUE,1,1,1,1,1
"595","subject21","M","26","Q25","binladen",4,TRUE,1,1,1,1,1
"596","subject21","M","26","Q26","unknown",3,FALSE,1,1,1,1,1
"597","subject21","M","26","Q27","unknown",3,FALSE,1,1,1,1,1
"598","subject21","M","26","Q28","unknown",5,FALSE,1,1,1,1,1
"599","subject21","M","26","Q29","unknown",1,FALSE,1,1,1,1,1
"600","subject21","M","26","Q30","unknown",2,FALSE,1,1,1,1,1
"601","subject6","F","23","Q1","unknown",2,FALSE,1,1,1,1,1
"602","subject6","F","23","Q2","binladen",4,TRUE,1,1,1,1,1
"603","subject6","F","23","Q3","sadam",2,TRUE,1,1,1,1,1
"604","subject6","F","23","Q4","unknown",2,FALSE,1,1,1,1,1
"605","subject6","F","23","Q5","unknown",4,FALSE,1,1,1,1,1
"606","subject6","F","23","Q6","unknown",4,FALSE,1,1,1,1,1
"607","subject6","F","23","Q7","unknown",3,FALSE,1,1,1,1,1
"608","subject6","F","23","Q8","unknown",5,FALSE,1,1,1,1,1
"609","subject6","F","23","Q9","binladen",2,TRUE,1,1,1,1,1
"610","subject6","F","23","Q10","unknown",4,FALSE,1,1,1,1,1
"611","subject6","F","23","Q11","arafat",2,TRUE,1,1,1,1,1
"612","subject6","F","23","Q12","binladen",2,TRUE,1,1,1,1,1
"613","subject6","F","23","Q13","unknown",4,FALSE,1,1,1,1,1
"614","subject6","F","23","Q14","unknown",3,FALSE,1,1,1,1,1
"615","subject6","F","23","Q15","hitler",4,TRUE,1,1,1,1,1
"616","subject6","F","23","Q16","unknown",4,FALSE,1,1,1,1,1
"617","subject6","F","23","Q17","unknown",3,FALSE,1,1,1,1,1
"618","subject6","F","23","Q18","sadam",4,TRUE,1,1,1,1,1
"619","subject6","F","23","Q19","hitler",3,TRUE,1,1,1,1,1
"620","subject6","F","23","Q20","unknown",1,FALSE,1,1,1,1,1
"621","subject6","F","23","Q21","unknown",1,FALSE,1,1,1,1,1
"622","subject6","F","23","Q22","unknown",4,FALSE,1,1,1,1,1
"623","subject6","F","23","Q23","nasrala",2,TRUE,1,1,1,1,1
"624","subject6","F","23","Q24","hitler",2,TRUE,1,1,1,1,1
"625","subject6","F","23","Q25","arafat",1,TRUE,1,1,1,1,1
"626","subject6","F","23","Q26","nasrala",4,TRUE,1,1,1,1,1
"627","subject6","F","23","Q27","unknown",1,FALSE,1,1,1,1,1
"628","subject6","F","23","Q28","nasrala",4,TRUE,1,1,1,1,1
"629","subject6","F","23","Q29","arafat",2,TRUE,1,1,1,1,1
"630","subject6","F","23","Q30","sadam",4,TRUE,1,1,1,1,1
"631","subject10","F","26","Q1","unknown",4,FALSE,1,2,2,2,2
"632","subject10","F","26","Q2","binladen",5,TRUE,1,2,2,2,2
"633","subject10","F","26","Q3","sadam",4,TRUE,1,2,2,2,2
"634","subject10","F","26","Q4","unknown",4,FALSE,1,2,2,2,2
"635","subject10","F","26","Q5","unknown",4,FALSE,1,2,2,2,2
"636","subject10","F","26","Q6","unknown",4,FALSE,1,2,2,2,2
"637","subject10","F","26","Q7","unknown",2,FALSE,1,2,2,2,2
"638","subject10","F","26","Q8","unknown",3,FALSE,1,2,2,2,2
"639","subject10","F","26","Q9","binladen",2,TRUE,1,2,2,2,2
"640","subject10","F","26","Q10","unknown",4,FALSE,1,2,2,2,2
"641","subject10","F","26","Q11","arafat",3,TRUE,1,2,2,2,2
"642","subject10","F","26","Q12","binladen",4,TRUE,1,2,2,2,2
"643","subject10","F","26","Q13","unknown",3,FALSE,1,2,2,2,2
"644","subject10","F","26","Q14","unknown",3,FALSE,1,2,2,2,2
"645","subject10","F","26","Q15","hitler",4,TRUE,1,2,2,2,2
"646","subject10","F","26","Q16","unknown",4,FALSE,1,2,2,2,2
"647","subject10","F","26","Q17","unknown",3,FALSE,1,2,2,2,2
"648","subject10","F","26","Q18","sadam",2,TRUE,1,2,2,2,2
"649","subject10","F","26","Q19","hitler",3,TRUE,1,2,2,2,2
"650","subject10","F","26","Q20","unknown",2,FALSE,1,2,2,2,2
"651","subject10","F","26","Q21","unknown",3,FALSE,1,2,2,2,2
"652","subject10","F","26","Q22","unknown",4,FALSE,1,2,2,2,2
"653","subject10","F","26","Q23","nasrala",2,TRUE,1,2,2,2,2
"654","subject10","F","26","Q24","hitler",5,TRUE,1,2,2,2,2
"655","subject10","F","26","Q25","arafat",5,TRUE,1,2,2,2,2
"656","subject10","F","26","Q26","nasrala",4,TRUE,1,2,2,2,2
"657","subject10","F","26","Q27","unknown",3,FALSE,1,2,2,2,2
"658","subject10","F","26","Q28","nasrala",4,TRUE,1,2,2,2,2
"659","subject10","F","26","Q29","arafat",5,TRUE,1,2,2,2,2
"660","subject10","F","26","Q30","sadam",3,TRUE,1,2,2,2,2
"661","subject20","M","27","Q1","unknown",5,FALSE,1,2,1,1,1
"662","subject20","M","27","Q2","binladen",4,TRUE,1,2,1,1,1
"663","subject20","M","27","Q3","sadam",3,TRUE,1,2,1,1,1
"664","subject20","M","27","Q4","unknown",2,FALSE,1,2,1,1,1
"665","subject20","M","27","Q5","unknown",3,FALSE,1,2,1,1,1
"666","subject20","M","27","Q6","unknown",2,FALSE,1,2,1,1,1
"667","subject20","M","27","Q7","unknown",4,FALSE,1,2,1,1,1
"668","subject20","M","27","Q8","unknown",1,FALSE,1,2,1,1,1
"669","subject20","M","27","Q9","binladen",1,TRUE,1,2,1,1,1
"670","subject20","M","27","Q10","unknown",3,FALSE,1,2,1,1,1
"671","subject20","M","27","Q11","arafat",1,TRUE,1,2,1,1,1
"672","subject20","M","27","Q12","binladen",2,TRUE,1,2,1,1,1
"673","subject20","M","27","Q13","unknown",3,FALSE,1,2,1,1,1
"674","subject20","M","27","Q14","unknown",1,FALSE,1,2,1,1,1
"675","subject20","M","27","Q15","hitler",4,TRUE,1,2,1,1,1
"676","subject20","M","27","Q16","unknown",2,FALSE,1,2,1,1,1
"677","subject20","M","27","Q17","unknown",2,FALSE,1,2,1,1,1
"678","subject20","M","27","Q18","sadam",3,TRUE,1,2,1,1,1
"679","subject20","M","27","Q19","hitler",2,TRUE,1,2,1,1,1
"680","subject20","M","27","Q20","unknown",3,FALSE,1,2,1,1,1
"681","subject20","M","27","Q21","unknown",1,FALSE,1,2,1,1,1
"682","subject20","M","27","Q22","unknown",4,FALSE,1,2,1,1,1
"683","subject20","M","27","Q23","nasrala",3,TRUE,1,2,1,1,1
"684","subject20","M","27","Q24","hitler",5,TRUE,1,2,1,1,1
"685","subject20","M","27","Q25","arafat",4,TRUE,1,2,1,1,1
"686","subject20","M","27","Q26","nasrala",3,TRUE,1,2,1,1,1
"687","subject20","M","27","Q27","unknown",4,FALSE,1,2,1,1,1
"688","subject20","M","27","Q28","nasrala",4,TRUE,1,2,1,1,1
"689","subject20","M","27","Q29","arafat",5,TRUE,1,2,1,1,1
"690","subject20","M","27","Q30","sadam",3,TRUE,1,2,1,1,1
"691","subject23","F","25","Q1","unknown",1,FALSE,1,1,1,1,1
"692","subject23","F","25","Q2","binladen",5,TRUE,1,1,1,1,1
"693","subject23","F","25","Q3","sadam",2,TRUE,1,1,1,1,1
"694","subject23","F","25","Q4","unknown",2,FALSE,1,1,1,1,1
"695","subject23","F","25","Q5","unknown",2,FALSE,1,1,1,1,1
"696","subject23","F","25","Q6","unknown",3,FALSE,1,1,1,1,1
"697","subject23","F","25","Q7","unknown",5,FALSE,1,1,1,1,1
"698","subject23","F","25","Q8","unknown",2,FALSE,1,1,1,1,1
"699","subject23","F","25","Q9","binladen",2,TRUE,1,1,1,1,1
"700","subject23","F","25","Q10","unknown",5,FALSE,1,1,1,1,1
"701","subject23","F","25","Q11","arafat",4,TRUE,1,1,1,1,1
"702","subject23","F","25","Q12","binladen",1,TRUE,1,1,1,1,1
"703","subject23","F","25","Q13","unknown",4,FALSE,1,1,1,1,1
"704","subject23","F","25","Q14","unknown",1,FALSE,1,1,1,1,1
"705","subject23","F","25","Q15","hitler",4,TRUE,1,1,1,1,1
"706","subject23","F","25","Q16","unknown",4,FALSE,1,1,1,1,1
"707","subject23","F","25","Q17","unknown",2,FALSE,1,1,1,1,1
"708","subject23","F","25","Q18","sadam",1,TRUE,1,1,1,1,1
"709","subject23","F","25","Q19","hitler",3,TRUE,1,1,1,1,1
"710","subject23","F","25","Q20","unknown",1,FALSE,1,1,1,1,1
"711","subject23","F","25","Q21","unknown",3,FALSE,1,1,1,1,1
"712","subject23","F","25","Q22","unknown",3,FALSE,1,1,1,1,1
"713","subject23","F","25","Q23","nasrala",3,TRUE,1,1,1,1,1
"714","subject23","F","25","Q24","hitler",4,TRUE,1,1,1,1,1
"715","subject23","F","25","Q25","arafat",1,TRUE,1,1,1,1,1
"716","subject23","F","25","Q26","nasrala",4,TRUE,1,1,1,1,1
"717","subject23","F","25","Q27","unknown",3,FALSE,1,1,1,1,1
"718","subject23","F","25","Q28","nasrala",3,TRUE,1,1,1,1,1
"719","subject23","F","25","Q29","arafat",3,TRUE,1,1,1,1,1
"720","subject23","F","25","Q30","sadam",4,TRUE,1,1,1,1,1
"721","subject30","F","27","Q1","unknown",2,FALSE,1,1,1,1,1
"722","subject30","F","27","Q2","binladen",4,TRUE,1,1,1,1,1
"723","subject30","F","27","Q3","sadam",5,TRUE,1,1,1,1,1
"724","subject30","F","27","Q4","unknown",2,FALSE,1,1,1,1,1
"725","subject30","F","27","Q5","unknown",5,FALSE,1,1,1,1,1
"726","subject30","F","27","Q6","unknown",5,FALSE,1,1,1,1,1
"727","subject30","F","27","Q7","unknown",1,FALSE,1,1,1,1,1
"728","subject30","F","27","Q8","unknown",2,FALSE,1,1,1,1,1
"729","subject30","F","27","Q9","binladen",1,TRUE,1,1,1,1,1
"730","subject30","F","27","Q10","unknown",5,FALSE,1,1,1,1,1
"731","subject30","F","27","Q11","arafat",3,TRUE,1,1,1,1,1
"732","subject30","F","27","Q12","binladen",2,TRUE,1,1,1,1,1
"733","subject30","F","27","Q13","unknown",3,FALSE,1,1,1,1,1
"734","subject30","F","27","Q14","unknown",1,FALSE,1,1,1,1,1
"735","subject30","F","27","Q15","hitler",3,TRUE,1,1,1,1,1
"736","subject30","F","27","Q16","unknown",5,FALSE,1,1,1,1,1
"737","subject30","F","27","Q17","unknown",4,FALSE,1,1,1,1,1
"738","subject30","F","27","Q18","sadam",3,TRUE,1,1,1,1,1
"739","subject30","F","27","Q19","hitler",4,TRUE,1,1,1,1,1
"740","subject30","F","27","Q20","unknown",1,FALSE,1,1,1,1,1
"741","subject30","F","27","Q21","unknown",1,FALSE,1,1,1,1,1
"742","subject30","F","27","Q22","unknown",1,FALSE,1,1,1,1,1
"743","subject30","F","27","Q23","nasrala",1,TRUE,1,1,1,1,1
"744","subject30","F","27","Q24","hitler",1,TRUE,1,1,1,1,1
"745","subject30","F","27","Q25","arafat",4,TRUE,1,1,1,1,1
"746","subject30","F","27","Q26","nasrala",1,TRUE,1,1,1,1,1
"747","subject30","F","27","Q27","unknown",2,FALSE,1,1,1,1,1
"748","subject30","F","27","Q28","nasrala",1,TRUE,1,1,1,1,1
"749","subject30","F","27","Q29","arafat",1,TRUE,1,1,1,1,1
"750","subject30","F","27","Q30","sadam",2,TRUE,1,1,1,1,1
"751","subject4","M","28","Q1","unknown",5,FALSE,1,1,1,1,2
"752","subject4","M","28","Q2","unknown",5,FALSE,1,1,1,1,2
"753","subject4","M","28","Q3","unknown",2,FALSE,1,1,1,1,2
"754","subject4","M","28","Q4","nasrala",3,TRUE,1,1,1,1,2
"755","subject4","M","28","Q5","unknown",4,FALSE,1,1,1,1,2
"756","subject4","M","28","Q6","hitler",2,TRUE,1,1,1,1,2
"757","subject4","M","28","Q7","hitler",5,TRUE,1,1,1,1,2
"758","subject4","M","28","Q8","binladen",4,TRUE,1,1,1,1,2
"759","subject4","M","28","Q9","hitler",3,TRUE,1,1,1,1,2
"760","subject4","M","28","Q10","arafat",4,TRUE,1,1,1,1,2
"761","subject4","M","28","Q11","sadam",2,TRUE,1,1,1,1,2
"762","subject4","M","28","Q12","nasrala",3,TRUE,1,1,1,1,2
"763","subject4","M","28","Q13","sadam",4,TRUE,1,1,1,1,2
"764","subject4","M","28","Q14","unknown",1,FALSE,1,1,1,1,2
"765","subject4","M","28","Q15","arafat",1,TRUE,1,1,1,1,2
"766","subject4","M","28","Q16","unknown",4,FALSE,1,1,1,1,2
"767","subject4","M","28","Q17","binladen",1,TRUE,1,1,1,1,2
"768","subject4","M","28","Q18","unknown",2,FALSE,1,1,1,1,2
"769","subject4","M","28","Q19","nasrala",2,TRUE,1,1,1,1,2
"770","subject4","M","28","Q20","unknown",1,FALSE,1,1,1,1,2
"771","subject4","M","28","Q21","unknown",3,FALSE,1,1,1,1,2
"772","subject4","M","28","Q22","arafat",5,TRUE,1,1,1,1,2
"773","subject4","M","28","Q23","unknown",5,FALSE,1,1,1,1,2
"774","subject4","M","28","Q24","unknown",5,FALSE,1,1,1,1,2
"775","subject4","M","28","Q25","sadam",3,TRUE,1,1,1,1,2
"776","subject4","M","28","Q26","unknown",3,FALSE,1,1,1,1,2
"777","subject4","M","28","Q27","unknown",5,FALSE,1,1,1,1,2
"778","subject4","M","28","Q28","unknown",4,FALSE,1,1,1,1,2
"779","subject4","M","28","Q29","unknown",4,FALSE,1,1,1,1,2
"780","subject4","M","28","Q30","binladen",2,TRUE,1,1,1,1,2
"781","subject11","F","24","Q1","unknown",3,FALSE,1,1,1,1,1
"782","subject11","F","24","Q2","unknown",4,FALSE,1,1,1,1,1
"783","subject11","F","24","Q3","unknown",3,FALSE,1,1,1,1,1
"784","subject11","F","24","Q4","nasrala",1,TRUE,1,1,1,1,1
"785","subject11","F","24","Q5","unknown",2,FALSE,1,1,1,1,1
"786","subject11","F","24","Q6","hitler",1,TRUE,1,1,1,1,1
"787","subject11","F","24","Q7","hitler",2,TRUE,1,1,1,1,1
"788","subject11","F","24","Q8","binladen",1,TRUE,1,1,1,1,1
"789","subject11","F","24","Q9","hitler",1,TRUE,1,1,1,1,1
"790","subject11","F","24","Q10","arafat",3,TRUE,1,1,1,1,1
"791","subject11","F","24","Q11","sadam",1,TRUE,1,1,1,1,1
"792","subject11","F","24","Q12","nasrala",1,TRUE,1,1,1,1,1
"793","subject11","F","24","Q13","sadam",2,TRUE,1,1,1,1,1
"794","subject11","F","24","Q14","unknown",1,FALSE,1,1,1,1,1
"795","subject11","F","24","Q15","arafat",1,TRUE,1,1,1,1,1
"796","subject11","F","24","Q16","unknown",4,FALSE,1,1,1,1,1
"797","subject11","F","24","Q17","binladen",2,TRUE,1,1,1,1,1
"798","subject11","F","24","Q18","unknown",3,FALSE,1,1,1,1,1
"799","subject11","F","24","Q19","nasrala",1,TRUE,1,1,1,1,1
"800","subject11","F","24","Q20","unknown",2,FALSE,1,1,1,1,1
"801","subject11","F","24","Q21","unknown",1,FALSE,1,1,1,1,1
"802","subject11","F","24","Q22","arafat",3,TRUE,1,1,1,1,1
"803","subject11","F","24","Q23","unknown",4,FALSE,1,1,1,1,1
"804","subject11","F","24","Q24","unknown",4,FALSE,1,1,1,1,1
"805","subject11","F","24","Q25","sadam",1,TRUE,1,1,1,1,1
"806","subject11","F","24","Q26","unknown",4,FALSE,1,1,1,1,1
"807","subject11","F","24","Q27","unknown",3,FALSE,1,1,1,1,1
"808","subject11","F","24","Q28","unknown",3,FALSE,1,1,1,1,1
"809","subject11","F","24","Q29","unknown",2,FALSE,1,1,1,1,1
"810","subject11","F","24","Q30","binladen",2,TRUE,1,1,1,1,1
"811","subject16","F","25","Q1","unknown",5,FALSE,1,1,1,1,1
"812","subject16","F","25","Q2","unknown",5,FALSE,1,1,1,1,1
"813","subject16","F","25","Q3","unknown",4,FALSE,1,1,1,1,1
"814","subject16","F","25","Q4","nasrala",2,TRUE,1,1,1,1,1
"815","subject16","F","25","Q5","unknown",3,FALSE,1,1,1,1,1
"816","subject16","F","25","Q6","hitler",1,TRUE,1,1,1,1,1
"817","subject16","F","25","Q7","hitler",3,TRUE,1,1,1,1,1
"818","subject16","F","25","Q8","binladen",3,TRUE,1,1,1,1,1
"819","subject16","F","25","Q9","hitler",1,TRUE,1,1,1,1,1
"820","subject16","F","25","Q10","arafat",5,TRUE,1,1,1,1,1
"821","subject16","F","25","Q11","sadam",1,TRUE,1,1,1,1,1
"822","subject16","F","25","Q12","nasrala",1,TRUE,1,1,1,1,1
"823","subject16","F","25","Q13","sadam",4,TRUE,1,1,1,1,1
"824","subject16","F","25","Q14","unknown",3,FALSE,1,1,1,1,1
"825","subject16","F","25","Q15","arafat",3,TRUE,1,1,1,1,1
"826","subject16","F","25","Q16","unknown",3,FALSE,1,1,1,1,1
"827","subject16","F","25","Q17","binladen",4,TRUE,1,1,1,1,1
"828","subject16","F","25","Q18","unknown",1,FALSE,1,1,1,1,1
"829","subject16","F","25","Q19","nasrala",2,TRUE,1,1,1,1,1
"830","subject16","F","25","Q20","unknown",1,FALSE,1,1,1,1,1
"831","subject16","F","25","Q21","unknown",2,FALSE,1,1,1,1,1
"832","subject16","F","25","Q22","arafat",5,TRUE,1,1,1,1,1
"833","subject16","F","25","Q23","unknown",3,FALSE,1,1,1,1,1
"834","subject16","F","25","Q24","unknown",3,FALSE,1,1,1,1,1
"835","subject16","F","25","Q25","sadam",2,TRUE,1,1,1,1,1
"836","subject16","F","25","Q26","unknown",3,FALSE,1,1,1,1,1
"837","subject16","F","25","Q27","unknown",3,FALSE,1,1,1,1,1
"838","subject16","F","25","Q28","unknown",4,FALSE,1,1,1,1,1
"839","subject16","F","25","Q29","unknown",1,FALSE,1,1,1,1,1
"840","subject16","F","25","Q30","binladen",2,TRUE,1,1,1,1,1
"841","subject24","M","26","Q1","unknown",2,FALSE,1,1,1,2,3
"842","subject24","M","26","Q2","unknown",4,FALSE,1,1,1,2,3
"843","subject24","M","26","Q3","unknown",2,FALSE,1,1,1,2,3
"844","subject24","M","26","Q4","nasrala",4,TRUE,1,1,1,2,3
"845","subject24","M","26","Q5","unknown",3,FALSE,1,1,1,2,3
"846","subject24","M","26","Q6","hitler",2,TRUE,1,1,1,2,3
"847","subject24","M","26","Q7","hitler",1,TRUE,1,1,1,2,3
"848","subject24","M","26","Q8","binladen",2,TRUE,1,1,1,2,3
"849","subject24","M","26","Q9","hitler",1,TRUE,1,1,1,2,3
"850","subject24","M","26","Q10","arafat",4,TRUE,1,1,1,2,3
"851","subject24","M","26","Q11","sadam",3,TRUE,1,1,1,2,3
"852","subject24","M","26","Q12","nasrala",4,TRUE,1,1,1,2,3
"853","subject24","M","26","Q13","sadam",3,TRUE,1,1,1,2,3
"854","subject24","M","26","Q14","unknown",3,FALSE,1,1,1,2,3
"855","subject24","M","26","Q15","arafat",3,TRUE,1,1,1,2,3
"856","subject24","M","26","Q16","unknown",3,FALSE,1,1,1,2,3
"857","subject24","M","26","Q17","binladen",4,TRUE,1,1,1,2,3
"858","subject24","M","26","Q18","unknown",2,FALSE,1,1,1,2,3
"859","subject24","M","26","Q19","nasrala",2,TRUE,1,1,1,2,3
"860","subject24","M","26","Q20","unknown",2,FALSE,1,1,1,2,3
"861","subject24","M","26","Q21","unknown",4,FALSE,1,1,1,2,3
"862","subject24","M","26","Q22","arafat",3,TRUE,1,1,1,2,3
"863","subject24","M","26","Q23","unknown",3,FALSE,1,1,1,2,3
"864","subject24","M","26","Q24","unknown",4,FALSE,1,1,1,2,3
"865","subject24","M","26","Q25","sadam",4,TRUE,1,1,1,2,3
"866","subject24","M","26","Q26","unknown",3,FALSE,1,1,1,2,3
"867","subject24","M","26","Q27","unknown",1,FALSE,1,1,1,2,3
"868","subject24","M","26","Q28","unknown",4,FALSE,1,1,1,2,3
"869","subject24","M","26","Q29","unknown",4,FALSE,1,1,1,2,3
"870","subject24","M","26","Q30","binladen",4,TRUE,1,1,1,2,3
"871","subject27","F","24","Q1","unknown",4,FALSE,1,2,2,2,3
"872","subject27","F","24","Q2","unknown",4,FALSE,1,2,2,2,3
"873","subject27","F","24","Q3","unknown",1,FALSE,1,2,2,2,3
"874","subject27","F","24","Q4","nasrala",4,TRUE,1,2,2,2,3
"875","subject27","F","24","Q5","unknown",2,FALSE,1,2,2,2,3
"876","subject27","F","24","Q6","hitler",2,TRUE,1,2,2,2,3
"877","subject27","F","24","Q7","hitler",4,TRUE,1,2,2,2,3
"878","subject27","F","24","Q8","binladen",3,TRUE,1,2,2,2,3
"879","subject27","F","24","Q9","hitler",1,TRUE,1,2,2,2,3
"880","subject27","F","24","Q10","arafat",1,TRUE,1,2,2,2,3
"881","subject27","F","24","Q11","sadam",3,TRUE,1,2,2,2,3
"882","subject27","F","24","Q12","nasrala",2,TRUE,1,2,2,2,3
"883","subject27","F","24","Q13","sadam",4,TRUE,1,2,2,2,3
"884","subject27","F","24","Q14","unknown",2,FALSE,1,2,2,2,3
"885","subject27","F","24","Q15","arafat",4,TRUE,1,2,2,2,3
"886","subject27","F","24","Q16","unknown",2,FALSE,1,2,2,2,3
"887","subject27","F","24","Q17","binladen",2,TRUE,1,2,2,2,3
"888","subject27","F","24","Q18","unknown",1,FALSE,1,2,2,2,3
"889","subject27","F","24","Q19","nasrala",2,TRUE,1,2,2,2,3
"890","subject27","F","24","Q20","unknown",1,FALSE,1,2,2,2,3
"891","subject27","F","24","Q21","unknown",3,FALSE,1,2,2,2,3
"892","subject27","F","24","Q22","arafat",3,TRUE,1,2,2,2,3
"893","subject27","F","24","Q23","unknown",3,FALSE,1,2,2,2,3
"894","subject27","F","24","Q24","unknown",3,FALSE,1,2,2,2,3
"895","subject27","F","24","Q25","sadam",1,TRUE,1,2,2,2,3
"896","subject27","F","24","Q26","unknown",5,FALSE,1,2,2,2,3
"897","subject27","F","24","Q27","unknown",2,FALSE,1,2,2,2,3
"898","subject27","F","24","Q28","unknown",2,FALSE,1,2,2,2,3
"899","subject27","F","24","Q29","unknown",2,FALSE,1,2,2,2,3
"900","subject27","F","24","Q30","binladen",4,TRUE,1,2,2,2,3
